deceptive,hotel,,,
truthful,conrad,,,
truthful,hyatt,,,
truthful,hyatt,,,
truthful,omni,,,
truthful,hyatt,,,
truthful,omni,,,
truthful,conrad,,,
truthful,omni,,,
truthful,omni,,,
truthful,hyatt,,,
truthful,fairmont,,,
truthful,conrad,,,
truthful,hyatt,,,
truthful,conrad,,,
truthful,hyatt,,,
truthful,conrad,,,
truthful,conrad,,,
truthful,conrad,,,
truthful,conrad,,,
truthful,omni,,,
truthful,fairmont,,,
truthful,fairmont,,,
truthful,fairmont,,,
truthful,hyatt,,,
truthful,hyatt,,,
truthful,conrad,,,
truthful,fairmont,,,
truthful,conrad,,,
truthful,conrad,,,
truthful,hyatt,,,
truthful,omni,,,
truthful,omni,,,
truthful,hyatt,,,
truthful,omni,,,
truthful,fairmont,,,
truthful,fairmont,,,
truthful,hyatt,,,
truthful,conrad,,,
truthful,fairmont,,,
truthful,omni,,,
truthful,fairmont,,,
truthful,hyatt,,,
truthful,hyatt,,,
truthful,conrad,,,
truthful,hyatt,,,
truthful,fairmont,,,
truthful,hyatt,,,
truthful,omni,,,
truthful,fairmont,,,
truthful,fairmont,,,
truthful,fairmont,,,
truthful,fairmont,,,
truthful,omni,,,
truthful,omni,,,
truthful,conrad,,,
truthful,omni,,,
truthful,hyatt,,,
truthful,conrad,,,
truthful,hyatt,,,
truthful,omni,,,
truthful,omni,,,
truthful,fairmont,,,
truthful,omni,,,
truthful,omni,,,
truthful,conrad,,,
truthful,hyatt,,,
truthful,fairmont,,,
truthful,conrad,,,
truthful,fairmont,,,
truthful,conrad,,,
truthful,conrad,,,
truthful,omni,,,
truthful,fairmont,,,
truthful,hyatt,,,
truthful,fairmont,,,
truthful,fairmont,,,
truthful,omni,,,
truthful,omni,,,
truthful,hyatt,,,
truthful,conrad,,,
truthful,sheraton,,,
truthful,sheraton,,,
truthful,knickerbocker,,,
truthful,homewood,,,
truthful,homewood,,,
truthful,swissotel,,,
truthful,swissotel,,,
truthful,swissotel,,,
truthful,homewood,,,
truthful,swissotel,,,
truthful,homewood,,,
truthful,knickerbocker,,,
truthful,sheraton,,,
truthful,swissotel,,,
truthful,sheraton,,,
truthful,homewood,,,
truthful,swissotel,,,
truthful,swissotel,,,
truthful,sheraton,,,
truthful,swissotel,,,
truthful,sheraton,,,
truthful,swissotel,,,
truthful,sheraton,,,
truthful,sheraton,,,
truthful,swissotel,,,
truthful,homewood,,,
truthful,sheraton,,,
truthful,knickerbocker,,,
truthful,swissotel,,,
truthful,knickerbocker,,,
truthful,homewood,,,
truthful,knickerbocker,,,
truthful,swissotel,,,
truthful,sheraton,,,
truthful,sheraton,,,
truthful,homewood,,,
truthful,homewood,,,
truthful,homewood,,,
truthful,homewood,,,
truthful,knickerbocker,,,
truthful,knickerbocker,,,
truthful,knickerbocker,,,
truthful,homewood,,,
truthful,knickerbocker,,,
truthful,knickerbocker,,,
truthful,swissotel,,,
truthful,sheraton,,,
truthful,swissotel,,,
truthful,knickerbocker,,,
truthful,sheraton,,,
truthful,knickerbocker,,,
truthful,sheraton,,,
truthful,knickerbocker,,,
truthful,homewood,,,
truthful,knickerbocker,,,
truthful,swissotel,,,
truthful,swissotel,,,
truthful,knickerbocker,,,
truthful,knickerbocker,,,
truthful,knickerbocker,,,
truthful,sheraton,,,
truthful,sheraton,,,
truthful,homewood,,,
truthful,knickerbocker,,,
truthful,swissotel,,,
truthful,sheraton,,,
truthful,homewood,,,
truthful,sheraton,,,
truthful,swissotel,,,
truthful,homewood,,,
truthful,swissotel,,,
truthful,swissotel,,,
truthful,sheraton,,,
truthful,homewood,,,
truthful,knickerbocker,,,
truthful,homewood,,,
truthful,homewood,,,
truthful,sheraton,,,
truthful,homewood,,,
truthful,knickerbocker,,,
truthful,ambassador,,,
truthful,affinia,,,
truthful,hardrock,,,
truthful,affinia,,,
truthful,talbott,,,
truthful,ambassador,,,
truthful,affinia,,,
truthful,talbott,,,
truthful,talbott,,,
truthful,ambassador,,,
truthful,hardrock,,,
truthful,talbott,,,
truthful,hardrock,,,
truthful,affinia,,,
truthful,talbott,,,
truthful,affinia,,,
truthful,affinia,,,
truthful,affinia,,,
truthful,affinia,,,
truthful,talbott,,,
truthful,affinia,,,
truthful,talbott,,,
truthful,hardrock,,,
truthful,hardrock,,,
truthful,hardrock,,,
truthful,ambassador,,,
truthful,hardrock,,,
truthful,hardrock,,,
truthful,affinia,,,
truthful,talbott,,,
truthful,ambassador,,,
truthful,hardrock,,,
truthful,hardrock,,,
truthful,ambassador,,,
truthful,affinia,,,
truthful,affinia,,,
truthful,hardrock,,,
truthful,talbott,,,
truthful,talbott,,,
truthful,affinia,,,
truthful,ambassador,,,
truthful,affinia,,,
truthful,talbott,,,
truthful,ambassador,,,
truthful,hardrock,,,
truthful,affinia,,,
truthful,talbott,,,
truthful,ambassador,,,
truthful,hardrock,,,
truthful,affinia,,,
truthful,hardrock,,,
truthful,talbott,,,
truthful,talbott,,,
truthful,talbott,,,
truthful,affinia,,,
truthful,hardrock,,,
truthful,hardrock,,,
truthful,ambassador,,,
truthful,ambassador,,,
truthful,ambassador,,,
truthful,talbott,,,
truthful,hardrock,,,
truthful,ambassador,,,
truthful,talbott,,,
truthful,affinia,,,
truthful,ambassador,,,
truthful,talbott,,,
truthful,affinia,,,
truthful,ambassador,,,
truthful,ambassador,,,
truthful,talbott,,,
truthful,hardrock,,,
truthful,talbott,,,
truthful,ambassador,,,
truthful,ambassador,,,
truthful,ambassador,,,
truthful,hardrock,,,
truthful,affinia,,,
truthful,ambassador,,,
truthful,hardrock,,,
truthful,hilton,,,
truthful,hilton,,,
truthful,james,,,
truthful,hilton,,,
truthful,james,,,
truthful,monaco,,,
truthful,monaco,,,
truthful,hilton,,,
truthful,james,,,
truthful,sofitel,,,
truthful,monaco,,,
truthful,sofitel,,,
truthful,hilton,,,
truthful,hilton,,,
truthful,hilton,,,
truthful,monaco,,,
truthful,monaco,,,
truthful,sofitel,,,
truthful,monaco,,,
truthful,james,,,
truthful,monaco,,,
truthful,sofitel,,,
truthful,sofitel,,,
truthful,sofitel,,,
truthful,sofitel,,,
truthful,monaco,,,
truthful,hilton,,,
truthful,hilton,,,
truthful,sofitel,,,
truthful,james,,,
truthful,james,,,
truthful,sofitel,,,
truthful,monaco,,,
truthful,sofitel,,,
truthful,james,,,
truthful,hilton,,,
truthful,james,,,
truthful,sofitel,,,
truthful,james,,,
truthful,monaco,,,
truthful,hilton,,,
truthful,monaco,,,
truthful,james,,,
truthful,sofitel,,,
truthful,hilton,,,
truthful,monaco,,,
truthful,hilton,,,
truthful,monaco,,,
truthful,james,,,
truthful,james,,,
truthful,monaco,,,
truthful,monaco,,,
truthful,james,,,
truthful,hilton,,,
truthful,hilton,,,
truthful,james,,,
truthful,james,,,
truthful,monaco,,,
truthful,james,,,
truthful,monaco,,,
truthful,hilton,,,
truthful,sofitel,,,
truthful,sofitel,,,
truthful,james,,,
truthful,sofitel,,,
truthful,sofitel,,,
truthful,hilton,,,
truthful,sofitel,,,
truthful,hilton,,,
truthful,monaco,,,
truthful,james,,,
truthful,hilton,,,
truthful,hilton,,,
truthful,sofitel,,,
truthful,james,,,
truthful,sofitel,,,
truthful,monaco,,,
truthful,sofitel,,,
truthful,james,,,
truthful,monaco,,,
truthful,palmer,,,
truthful,intercontinental,,,
truthful,palmer,,,
truthful,palmer,,,
truthful,allegro,,,
truthful,allegro,,,
truthful,palmer,,,
truthful,palmer,,,
truthful,intercontinental,,,
truthful,intercontinental,,,
truthful,amalfi,,,
truthful,palmer,,,
truthful,allegro,,,
truthful,palmer,,,
truthful,amalfi,,,
truthful,intercontinental,,,
truthful,amalfi,,,
truthful,palmer,,,
truthful,allegro,,,
truthful,allegro,,,
truthful,palmer,,,
truthful,amalfi,,,
truthful,palmer,,,
truthful,amalfi,,,
truthful,intercontinental,,,
truthful,intercontinental,,,
truthful,allegro,,,
truthful,amalfi,,,
truthful,amalfi,,,
truthful,amalfi,,,
truthful,amalfi,,,
truthful,allegro,,,
truthful,palmer,,,
truthful,intercontinental,,,
truthful,amalfi,,,
truthful,palmer,,,
truthful,amalfi,,,
truthful,intercontinental,,,
truthful,palmer,,,
truthful,palmer,,,
truthful,palmer,,,
truthful,allegro,,,
truthful,allegro,,,
truthful,allegro,,,
truthful,intercontinental,,,
truthful,allegro,,,
truthful,palmer,,,
truthful,allegro,,,
truthful,amalfi,,,
truthful,palmer,,,
truthful,intercontinental,,,
truthful,amalfi,,,
truthful,amalfi,,,
truthful,intercontinental,,,
truthful,intercontinental,,,
truthful,palmer,,,
truthful,amalfi,,,
truthful,allegro,,,
truthful,allegro,,,
truthful,amalfi,,,
truthful,intercontinental,,,
truthful,amalfi,,,
truthful,intercontinental,,,
truthful,palmer,,,
truthful,palmer,,,
truthful,allegro,,,
truthful,intercontinental,,,
truthful,allegro,,,
truthful,allegro,,,
truthful,allegro,,,
truthful,allegro,,,
truthful,allegro,,,
truthful,intercontinental,,,
truthful,amalfi,,,
truthful,intercontinental,,,
truthful,intercontinental,,,
truthful,intercontinental,,,
truthful,intercontinental,,,
truthful,amalfi,,,
truthful,amalfi,,,
deceptive,fairmont,,,
deceptive,conrad,,,
deceptive,hyatt,,,
deceptive,conrad,,,
deceptive,hyatt,,,
deceptive,omni,,,
deceptive,conrad,,,
deceptive,omni,,,
deceptive,conrad,,,
deceptive,conrad,,,
deceptive,conrad,,,
deceptive,fairmont,,,
deceptive,omni,,,
deceptive,hyatt,,,
deceptive,conrad,,,
deceptive,hyatt,,,
deceptive,hyatt,,,
deceptive,omni,,,
deceptive,fairmont,,,
deceptive,hyatt,,,
deceptive,hyatt,,,
deceptive,fairmont,,,
deceptive,fairmont,,,
deceptive,conrad,,,
deceptive,omni,,,
deceptive,conrad,,,
deceptive,conrad,,,
deceptive,conrad,,,
deceptive,hyatt,,,
deceptive,omni,,,
deceptive,omni,,,
deceptive,hyatt,,,
deceptive,conrad,,,
deceptive,conrad,,,
deceptive,conrad,,,
deceptive,conrad,,,
deceptive,hyatt,,,
deceptive,omni,,,
deceptive,omni,,,
deceptive,fairmont,,,
deceptive,fairmont,,,
deceptive,omni,,,
deceptive,fairmont,,,
deceptive,fairmont,,,
deceptive,omni,,,
deceptive,conrad,,,
deceptive,fairmont,,,
deceptive,hyatt,,,
deceptive,omni,,,
deceptive,hyatt,,,
deceptive,conrad,,,
deceptive,fairmont,,,
deceptive,fairmont,,,
deceptive,omni,,,
deceptive,conrad,,,
deceptive,fairmont,,,
deceptive,omni,,,
deceptive,hyatt,,,
deceptive,hyatt,,,
deceptive,omni,,,
deceptive,omni,,,
deceptive,omni,,,
deceptive,conrad,,,
deceptive,fairmont,,,
deceptive,fairmont,,,
deceptive,hyatt,,,
deceptive,fairmont,,,
deceptive,hyatt,,,
deceptive,omni,,,
deceptive,hyatt,,,
deceptive,hyatt,,,
deceptive,fairmont,,,
deceptive,conrad,,,
deceptive,fairmont,,,
deceptive,hyatt,,,
deceptive,omni,,,
deceptive,fairmont,,,
deceptive,omni,,,
deceptive,hyatt,,,
deceptive,fairmont,,,
deceptive,knickerbocker,,,
deceptive,sheraton,,,
deceptive,swissotel,,,
deceptive,knickerbocker,,,
deceptive,homewood,,,
deceptive,sheraton,,,
deceptive,homewood,,,
deceptive,swissotel,,,
deceptive,swissotel,,,
deceptive,knickerbocker,,,
deceptive,homewood,,,
deceptive,swissotel,,,
deceptive,swissotel,,,
deceptive,swissotel,,,
deceptive,homewood,,,
deceptive,knickerbocker,,,
deceptive,knickerbocker,,,
deceptive,knickerbocker,,,
deceptive,swissotel,,,
deceptive,homewood,,,
deceptive,sheraton,,,
deceptive,homewood,,,
deceptive,sheraton,,,
deceptive,knickerbocker,,,
deceptive,homewood,,,
deceptive,swissotel,,,
deceptive,swissotel,,,
deceptive,homewood,,,
deceptive,homewood,,,
deceptive,swissotel,,,
deceptive,sheraton,,,
deceptive,homewood,,,
deceptive,homewood,,,
deceptive,knickerbocker,,,
deceptive,sheraton,,,
deceptive,knickerbocker,,,
deceptive,knickerbocker,,,
deceptive,knickerbocker,,,
deceptive,swissotel,,,
deceptive,sheraton,,,
deceptive,homewood,,,
deceptive,sheraton,,,
deceptive,swissotel,,,
deceptive,knickerbocker,,,
deceptive,homewood,,,
deceptive,knickerbocker,,,
deceptive,swissotel,,,
deceptive,knickerbocker,,,
deceptive,swissotel,,,
deceptive,swissotel,,,
deceptive,sheraton,,,
deceptive,homewood,,,
deceptive,homewood,,,
deceptive,knickerbocker,,,
deceptive,homewood,,,
deceptive,sheraton,,,
deceptive,knickerbocker,,,
deceptive,sheraton,,,
deceptive,swissotel,,,
deceptive,sheraton,,,
deceptive,sheraton,,,
deceptive,swissotel,,,
deceptive,sheraton,,,
deceptive,swissotel,,,
deceptive,knickerbocker,,,
deceptive,sheraton,,,
deceptive,knickerbocker,,,
deceptive,sheraton,,,
deceptive,homewood,,,
deceptive,homewood,,,
deceptive,sheraton,,,
deceptive,knickerbocker,,,
deceptive,sheraton,,,
deceptive,homewood,,,
deceptive,knickerbocker,,,
deceptive,swissotel,,,
deceptive,homewood,,,
deceptive,sheraton,,,
deceptive,sheraton,,,
deceptive,swissotel,,,
deceptive,talbott,,,
deceptive,talbott,,,
deceptive,talbott,,,
deceptive,talbott,,,
deceptive,ambassador,,,
deceptive,talbott,,,
deceptive,ambassador,,,
deceptive,ambassador,,,
deceptive,affinia,,,
deceptive,ambassador,,,
deceptive,affinia,,,
deceptive,affinia,,,
deceptive,ambassador,,,
deceptive,talbott,,,
deceptive,hardrock,,,
deceptive,affinia,,,
deceptive,hardrock,,,
deceptive,hardrock,,,
deceptive,affinia,,,
deceptive,affinia,,,
deceptive,ambassador,,,
deceptive,hardrock,,,
deceptive,affinia,,,
deceptive,talbott,,,
deceptive,affinia,,,
deceptive,ambassador,,,
deceptive,hardrock,,,
deceptive,hardrock,,,
deceptive,talbott,,,
deceptive,affinia,,,
deceptive,affinia,,,
deceptive,hardrock,,,
deceptive,ambassador,,,
deceptive,hardrock,,,
deceptive,talbott,,,
deceptive,affinia,,,
deceptive,ambassador,,,
deceptive,affinia,,,
deceptive,affinia,,,
deceptive,ambassador,,,
deceptive,talbott,,,
deceptive,affinia,,,
deceptive,talbott,,,
deceptive,hardrock,,,
deceptive,ambassador,,,
deceptive,affinia,,,
deceptive,talbott,,,
deceptive,ambassador,,,
deceptive,affinia,,,
deceptive,talbott,,,
deceptive,hardrock,,,
deceptive,ambassador,,,
deceptive,hardrock,,,
deceptive,talbott,,,
deceptive,talbott,,,
deceptive,talbott,,,
deceptive,talbott,,,
deceptive,talbott,,,
deceptive,hardrock,,,
deceptive,affinia,,,
deceptive,hardrock,,,
deceptive,ambassador,,,
deceptive,hardrock,,,
deceptive,hardrock,,,
deceptive,ambassador,,,
deceptive,talbott,,,
deceptive,hardrock,,,
deceptive,ambassador,,,
deceptive,talbott,,,
deceptive,ambassador,,,
deceptive,affinia,,,
deceptive,hardrock,,,
deceptive,hardrock,,,
deceptive,affinia,,,
deceptive,hardrock,,,
deceptive,affinia,,,
deceptive,ambassador,,,
deceptive,ambassador,,,
deceptive,hardrock,,,
deceptive,ambassador,,,
deceptive,james,,,
deceptive,sofitel,,,
deceptive,hilton,,,
deceptive,hilton,,,
deceptive,sofitel,,,
deceptive,sofitel,,,
deceptive,sofitel,,,
deceptive,sofitel,,,
deceptive,james,,,
deceptive,hilton,,,
deceptive,sofitel,,,
deceptive,monaco,,,
deceptive,monaco,,,
deceptive,hilton,,,
deceptive,james,,,
deceptive,monaco,,,
deceptive,james,,,
deceptive,hilton,,,
deceptive,james,,,
deceptive,james,,,
deceptive,sofitel,,,
deceptive,sofitel,,,
deceptive,james,,,
deceptive,james,,,
deceptive,sofitel,,,
deceptive,james,,,
deceptive,sofitel,,,
deceptive,monaco,,,
deceptive,sofitel,,,
deceptive,monaco,,,
deceptive,james,,,
deceptive,monaco,,,
deceptive,sofitel,,,
deceptive,hilton,,,
deceptive,monaco,,,
deceptive,monaco,,,
deceptive,monaco,,,
deceptive,monaco,,,
deceptive,hilton,,,
deceptive,monaco,,,
deceptive,james,,,
deceptive,hilton,,,
deceptive,hilton,,,
deceptive,monaco,,,
deceptive,monaco,,,
deceptive,monaco,,,
deceptive,hilton,,,
deceptive,james,,,
deceptive,monaco,,,
deceptive,hilton,,,
deceptive,hilton,,,
deceptive,james,,,
deceptive,sofitel,,,
deceptive,james,,,
deceptive,hilton,,,
deceptive,monaco,,,
deceptive,hilton,,,
deceptive,james,,,
deceptive,james,,,
deceptive,sofitel,,,
deceptive,sofitel,,,
deceptive,hilton,,,
deceptive,sofitel,,,
deceptive,monaco,,,
deceptive,james,,,
deceptive,monaco,,,
deceptive,james,,,
deceptive,james,,,
deceptive,sofitel,,,
deceptive,hilton,,,
deceptive,sofitel,,,
deceptive,james,,,
deceptive,sofitel,,,
deceptive,monaco,,,
deceptive,hilton,,,
deceptive,hilton,,,
deceptive,hilton,,,
deceptive,hilton,,,
deceptive,monaco,,,
deceptive,sofitel,,,
deceptive,allegro,,,
deceptive,allegro,,,
deceptive,amalfi,,,
deceptive,allegro,,,
deceptive,intercontinental,,,
deceptive,intercontinental,,,
deceptive,intercontinental,,,
deceptive,intercontinental,,,
deceptive,amalfi,,,
deceptive,allegro,,,
deceptive,intercontinental,,,
deceptive,intercontinental,,,
deceptive,amalfi,,,
deceptive,allegro,,,
deceptive,amalfi,,,
deceptive,palmer,,,
deceptive,allegro,,,
deceptive,allegro,,,
deceptive,intercontinental,,,
deceptive,amalfi,,,
deceptive,allegro,,,
deceptive,palmer,,,
deceptive,amalfi,,,
deceptive,amalfi,,,
deceptive,intercontinental,,,
deceptive,amalfi,,,
deceptive,allegro,,,
deceptive,palmer,,,
deceptive,allegro,,,
deceptive,allegro,,,
deceptive,amalfi,,,
deceptive,intercontinental,,,
deceptive,intercontinental,,,
deceptive,palmer,,,
deceptive,intercontinental,,,
deceptive,palmer,,,
deceptive,palmer,,,
deceptive,amalfi,,,
deceptive,intercontinental,,,
deceptive,palmer,,,
deceptive,intercontinental,,,
deceptive,amalfi,,,
deceptive,amalfi,,,
deceptive,intercontinental,,,
deceptive,palmer,,,
deceptive,palmer,,,
deceptive,palmer,,,
deceptive,palmer,,,
deceptive,palmer,,,
deceptive,allegro,,,
deceptive,allegro,,,
deceptive,intercontinental,,,
deceptive,allegro,,,
deceptive,intercontinental,,,
deceptive,amalfi,,,
deceptive,palmer,,,
deceptive,amalfi,,,
deceptive,amalfi,,,
deceptive,allegro,,,
deceptive,palmer,,,
deceptive,palmer,,,
deceptive,allegro,,,
deceptive,palmer,,,
deceptive,allegro,,,
deceptive,intercontinental,,,
deceptive,amalfi,,,
deceptive,palmer,,,
deceptive,palmer,,,
deceptive,palmer,,,
deceptive,allegro,,,
deceptive,amalfi,,,
deceptive,amalfi,,,
deceptive,allegro,,,
deceptive,allegro,,,
deceptive,intercontinental,,,
deceptive,intercontinental,,,
deceptive,amalfi,,,
deceptive,intercontinental,,,
deceptive,palmer,,,
deceptive,amalfi,,,
truthful,conrad,,,
truthful,hyatt,,,
truthful,hyatt,,,
truthful,omni,,,
truthful,hyatt,,,
truthful,omni,,,
truthful,conrad,,,
truthful,omni,,,
truthful,omni,,,
truthful,hyatt,,,
truthful,fairmont,,,
truthful,conrad,,,
truthful,hyatt,,,
truthful,conrad,,,
truthful,hyatt,,,
truthful,conrad,,,
truthful,conrad,,,
truthful,conrad,,,
truthful,conrad,,,
truthful,omni,,,
truthful,fairmont,,,
truthful,fairmont,,,
truthful,fairmont,,,
truthful,hyatt,,,
truthful,hyatt,,,
truthful,conrad,,,
truthful,fairmont,,,
truthful,conrad,,,
truthful,conrad,,,
truthful,hyatt,,,
truthful,omni,,,
truthful,omni,,,
truthful,hyatt,,,
truthful,omni,,,
truthful,fairmont,,,
truthful,fairmont,,,
truthful,hyatt,,,
truthful,conrad,,,
truthful,fairmont,,,
truthful,omni,,,
truthful,fairmont,,,
truthful,hyatt,,,
truthful,hyatt,,,
truthful,conrad,,,
truthful,hyatt,,,
truthful,fairmont,,,
truthful,hyatt,,,
truthful,omni,,,
truthful,fairmont,,,
truthful,fairmont,,,
truthful,fairmont,,,
truthful,fairmont,,,
truthful,omni,,,
truthful,omni,,,
truthful,conrad,,,
truthful,omni,,,
truthful,hyatt,,,
truthful,conrad,,,
truthful,hyatt,,,
truthful,omni,,,
truthful,omni,,,
truthful,fairmont,,,
truthful,omni,,,
truthful,omni,,,
truthful,conrad,,,
truthful,hyatt,,,
truthful,fairmont,,,
truthful,conrad,,,
truthful,fairmont,,,
truthful,conrad,,,
truthful,conrad,,,
truthful,omni,,,
truthful,fairmont,,,
truthful,hyatt,,,
truthful,fairmont,,,
truthful,fairmont,,,
truthful,omni,,,
truthful,omni,,,
truthful,hyatt,,,
truthful,conrad,,,
truthful,sheraton,,,
truthful,sheraton,,,
truthful,knickerbocker,,,
truthful,homewood,,,
truthful,homewood,,,
truthful,swissotel,,,
truthful,swissotel,,,
truthful,swissotel,,,
truthful,homewood,,,
truthful,swissotel,,,
truthful,homewood,,,
truthful,knickerbocker,,,
truthful,sheraton,,,
truthful,swissotel,,,
truthful,sheraton,,,
truthful,homewood,,,
truthful,swissotel,,,
truthful,swissotel,,,
truthful,sheraton,,,
truthful,swissotel,,,
truthful,sheraton,,,
truthful,swissotel,,,
truthful,sheraton,,,
truthful,sheraton,,,
truthful,swissotel,,,
truthful,homewood,,,
truthful,sheraton,,,
truthful,knickerbocker,,,
truthful,swissotel,,,
truthful,knickerbocker,,,
truthful,homewood,,,
truthful,knickerbocker,,,
truthful,swissotel,,,
truthful,sheraton,,,
truthful,sheraton,,,
truthful,homewood,,,
truthful,homewood,,,
truthful,homewood,,,
truthful,homewood,,,
truthful,knickerbocker,,,
truthful,knickerbocker,,,
truthful,knickerbocker,,,
truthful,homewood,,,
truthful,knickerbocker,,,
truthful,knickerbocker,,,
truthful,swissotel,,,
truthful,sheraton,,,
truthful,swissotel,,,
truthful,knickerbocker,,,
truthful,sheraton,,,
truthful,knickerbocker,,,
truthful,sheraton,,,
truthful,knickerbocker,,,
truthful,homewood,,,
truthful,knickerbocker,,,
truthful,swissotel,,,
truthful,swissotel,,,
truthful,knickerbocker,,,
truthful,knickerbocker,,,
truthful,knickerbocker,,,
truthful,sheraton,,,
truthful,sheraton,,,
truthful,homewood,,,
truthful,knickerbocker,,,
truthful,swissotel,,,
truthful,sheraton,,,
truthful,homewood,,,
truthful,sheraton,,,
truthful,swissotel,,,
truthful,homewood,,,
truthful,swissotel,,,
truthful,swissotel,,,
truthful,sheraton,,,
truthful,homewood,,,
truthful,knickerbocker,,,
truthful,homewood,,,
truthful,homewood,,,
truthful,sheraton,,,
truthful,homewood,,,
truthful,knickerbocker,,,
truthful,ambassador,,,
truthful,affinia,,,
truthful,hardrock,,,
truthful,affinia,,,
truthful,talbott,,,
truthful,ambassador,,,
truthful,affinia,,,
truthful,talbott,,,
truthful,talbott,,,
truthful,ambassador,,,
truthful,hardrock,,,
truthful,talbott,,,
truthful,hardrock,,,
truthful,affinia,,,
truthful,talbott,,,
truthful,affinia,,,
truthful,affinia,,,
truthful,affinia,,,
truthful,affinia,,,
truthful,talbott,,,
truthful,affinia,,,
truthful,talbott,,,
truthful,hardrock,,,
truthful,hardrock,,,
truthful,hardrock,,,
truthful,ambassador,,,
truthful,hardrock,,,
truthful,hardrock,,,
truthful,affinia,,,
truthful,talbott,,,
truthful,ambassador,,,
truthful,hardrock,,,
truthful,hardrock,,,
truthful,ambassador,,,
truthful,affinia,,,
truthful,affinia,,,
truthful,hardrock,,,
truthful,talbott,,,
truthful,talbott,,,
truthful,affinia,,,
truthful,ambassador,,,
truthful,affinia,,,
truthful,talbott,,,
truthful,ambassador,,,
truthful,hardrock,,,
truthful,affinia,,,
truthful,talbott,,,
truthful,ambassador,,,
truthful,hardrock,,,
truthful,affinia,,,
truthful,hardrock,,,
truthful,talbott,,,
truthful,talbott,,,
truthful,talbott,,,
truthful,affinia,,,
truthful,hardrock,,,
truthful,hardrock,,,
truthful,ambassador,,,
truthful,ambassador,,,
truthful,ambassador,,,
truthful,talbott,,,
truthful,hardrock,,,
truthful,ambassador,,,
truthful,talbott,,,
truthful,affinia,,,
truthful,ambassador,,,
truthful,talbott,,,
truthful,affinia,,,
truthful,ambassador,,,
truthful,ambassador,,,
truthful,talbott,,,
truthful,hardrock,,,
truthful,talbott,,,
truthful,ambassador,,,
truthful,ambassador,,,
truthful,ambassador,,,
truthful,hardrock,,,
truthful,affinia,,,
truthful,ambassador,,,
truthful,hardrock,,,
truthful,hilton,,,
truthful,hilton,,,
truthful,james,,,
truthful,hilton,,,
truthful,james,,,
truthful,monaco,,,
truthful,monaco,,,
truthful,hilton,,,
truthful,james,,,
truthful,sofitel,,,
truthful,monaco,,,
truthful,sofitel,,,
truthful,hilton,,,
truthful,hilton,,,
truthful,hilton,,,
truthful,monaco,,,
truthful,monaco,,,
truthful,sofitel,,,
truthful,monaco,,,
truthful,james,,,
truthful,monaco,,,
truthful,sofitel,,,
truthful,sofitel,,,
truthful,sofitel,,,
truthful,sofitel,,,
truthful,monaco,,,
truthful,hilton,,,
truthful,hilton,,,
truthful,sofitel,,,
truthful,james,,,
truthful,james,,,
truthful,sofitel,,,
truthful,monaco,,,
truthful,sofitel,,,
truthful,james,,,
truthful,hilton,,,
truthful,james,,,
truthful,sofitel,,,
truthful,james,,,
truthful,monaco,,,
truthful,hilton,,,
truthful,monaco,,,
truthful,james,,,
truthful,sofitel,,,
truthful,hilton,,,
truthful,monaco,,,
truthful,hilton,,,
truthful,monaco,,,
truthful,james,,,
truthful,james,,,
truthful,monaco,,,
truthful,monaco,,,
truthful,james,,,
truthful,hilton,,,
truthful,hilton,,,
truthful,james,,,
truthful,james,,,
truthful,monaco,,,
truthful,james,,,
truthful,monaco,,,
truthful,hilton,,,
truthful,sofitel,,,
truthful,sofitel,,,
truthful,james,,,
truthful,sofitel,,,
truthful,sofitel,,,
truthful,hilton,,,
truthful,sofitel,,,
truthful,hilton,,,
truthful,monaco,,,
truthful,james,,,
truthful,hilton,,,
truthful,hilton,,,
truthful,sofitel,,,
truthful,james,,,
truthful,sofitel,,,
truthful,monaco,,,
truthful,sofitel,,,
truthful,james,,,
truthful,monaco,,,
truthful,palmer,,,
truthful,intercontinental,,,
truthful,palmer,,,
truthful,palmer,,,
truthful,allegro,,,
truthful,allegro,,,
truthful,palmer,,,
truthful,palmer,,,
truthful,intercontinental,,,
truthful,intercontinental,,,
truthful,amalfi,,,
truthful,palmer,,,
truthful,allegro,,,
truthful,palmer,,,
truthful,amalfi,,,
truthful,intercontinental,,,
truthful,amalfi,,,
truthful,palmer,,,
truthful,allegro,,,
truthful,allegro,,,
truthful,palmer,,,
truthful,amalfi,,,
truthful,palmer,,,
truthful,amalfi,,,
truthful,intercontinental,,,
truthful,intercontinental,,,
truthful,allegro,,,
truthful,amalfi,,,
truthful,amalfi,,,
truthful,amalfi,,,
truthful,amalfi,,,
truthful,allegro,,,
truthful,palmer,,,
truthful,intercontinental,,,
truthful,amalfi,,,
truthful,palmer,,,
truthful,amalfi,,,
truthful,intercontinental,,,
truthful,palmer,,,
truthful,palmer,,,
truthful,palmer,,,
truthful,allegro,,,
truthful,allegro,,,
truthful,allegro,,,
truthful,intercontinental,,,
truthful,allegro,,,
truthful,palmer,,,
truthful,allegro,,,
truthful,amalfi,,,
truthful,palmer,,,
truthful,intercontinental,,,
truthful,amalfi,,,
truthful,amalfi,,,
truthful,intercontinental,,,
truthful,intercontinental,,,
truthful,palmer,,,
truthful,amalfi,,,
truthful,allegro,,,
truthful,allegro,,,
truthful,amalfi,,,
truthful,intercontinental,,,
truthful,amalfi,,,
truthful,intercontinental,,,
truthful,palmer,,,
truthful,palmer,,,
truthful,allegro,,,
truthful,intercontinental,,,
truthful,allegro,,,
truthful,allegro,,,
truthful,allegro,,,
truthful,allegro,,,
truthful,allegro,,,
truthful,intercontinental,,,
truthful,amalfi,,,
truthful,intercontinental,,,
truthful,intercontinental,,,
truthful,intercontinental,,,
truthful,intercontinental,,,
truthful,amalfi,,,
truthful,amalfi,,,
deceptive,fairmont,,,
deceptive,conrad,,,
deceptive,hyatt,,,
deceptive,conrad,,,
deceptive,hyatt,,,
deceptive,omni,,,
deceptive,conrad,,,
deceptive,omni,,,
deceptive,conrad,,,
deceptive,conrad,,,
deceptive,conrad,,,
deceptive,fairmont,,,
deceptive,omni,,,
deceptive,hyatt,,,
deceptive,conrad,,,
deceptive,hyatt,,,
deceptive,hyatt,,,
deceptive,omni,,,
deceptive,fairmont,,,
deceptive,hyatt,,,
deceptive,hyatt,,,
deceptive,fairmont,,,
deceptive,fairmont,,,
deceptive,conrad,,,
deceptive,omni,,,
deceptive,conrad,,,
deceptive,conrad,,,
deceptive,conrad,,,
deceptive,hyatt,,,
deceptive,omni,,,
deceptive,omni,,,
deceptive,hyatt,,,
deceptive,conrad,,,
deceptive,conrad,,,
deceptive,conrad,,,
deceptive,conrad,,,
deceptive,hyatt,,,
deceptive,omni,,,
deceptive,omni,,,
deceptive,fairmont,,,
deceptive,fairmont,,,
deceptive,omni,,,
deceptive,fairmont,,,
deceptive,fairmont,,,
deceptive,omni,,,
deceptive,conrad,,,
deceptive,fairmont,,,
deceptive,hyatt,,,
deceptive,omni,,,
deceptive,hyatt,,,
deceptive,conrad,,,
deceptive,fairmont,,,
deceptive,fairmont,,,
deceptive,omni,,,
deceptive,conrad,,,
deceptive,fairmont,,,
deceptive,omni,,,
deceptive,hyatt,,,
deceptive,hyatt,,,
deceptive,omni,,,
deceptive,omni,,,
deceptive,omni,,,
deceptive,conrad,,,
deceptive,fairmont,,,
deceptive,fairmont,,,
deceptive,hyatt,,,
deceptive,fairmont,,,
deceptive,hyatt,,,
deceptive,omni,,,
deceptive,hyatt,,,
deceptive,hyatt,,,
deceptive,fairmont,,,
deceptive,conrad,,,
deceptive,fairmont,,,
deceptive,hyatt,,,
deceptive,omni,,,
deceptive,fairmont,,,
deceptive,omni,,,
deceptive,hyatt,,,
deceptive,fairmont,,,
deceptive,knickerbocker,,,
deceptive,sheraton,,,
deceptive,swissotel,,,
deceptive,knickerbocker,,,
deceptive,homewood,,,
deceptive,sheraton,,,
deceptive,homewood,,,
deceptive,swissotel,,,
deceptive,swissotel,,,
deceptive,knickerbocker,,,
deceptive,homewood,,,
deceptive,swissotel,,,
deceptive,swissotel,,,
deceptive,swissotel,,,
deceptive,homewood,,,
deceptive,knickerbocker,,,
deceptive,knickerbocker,,,
deceptive,knickerbocker,,,
deceptive,swissotel,,,
deceptive,homewood,,,
deceptive,sheraton,,,
deceptive,homewood,,,
deceptive,sheraton,,,
deceptive,knickerbocker,,,
deceptive,homewood,,,
deceptive,swissotel,,,
deceptive,swissotel,,,
deceptive,homewood,,,
deceptive,homewood,,,
deceptive,swissotel,,,
deceptive,sheraton,,,
deceptive,homewood,,,
deceptive,homewood,,,
deceptive,knickerbocker,,,
deceptive,sheraton,,,
deceptive,knickerbocker,,,
deceptive,knickerbocker,,,
deceptive,knickerbocker,,,
deceptive,swissotel,,,
deceptive,sheraton,,,
deceptive,homewood,,,
deceptive,sheraton,,,
deceptive,swissotel,,,
deceptive,knickerbocker,,,
deceptive,homewood,,,
deceptive,knickerbocker,,,
deceptive,swissotel,,,
deceptive,knickerbocker,,,
deceptive,swissotel,,,
deceptive,swissotel,,,
deceptive,sheraton,,,
deceptive,homewood,,,
deceptive,homewood,,,
deceptive,knickerbocker,,,
deceptive,homewood,,,
deceptive,sheraton,,,
deceptive,knickerbocker,,,
deceptive,sheraton,,,
deceptive,swissotel,,,
deceptive,sheraton,,,
deceptive,sheraton,,,
deceptive,swissotel,,,
deceptive,sheraton,,,
deceptive,swissotel,,,
deceptive,knickerbocker,,,
deceptive,sheraton,,,
deceptive,knickerbocker,,,
deceptive,sheraton,,,
deceptive,homewood,,,
deceptive,homewood,,,
deceptive,sheraton,,,
deceptive,knickerbocker,,,
deceptive,sheraton,,,
deceptive,homewood,,,
deceptive,knickerbocker,,,
deceptive,swissotel,,,
deceptive,homewood,,,
deceptive,sheraton,,,
deceptive,sheraton,,,
deceptive,swissotel,,,
deceptive,talbott,,,
deceptive,talbott,,,
deceptive,talbott,,,
deceptive,talbott,,,
deceptive,ambassador,,,
deceptive,talbott,,,
deceptive,ambassador,,,
deceptive,ambassador,,,
deceptive,affinia,,,
deceptive,ambassador,,,
deceptive,affinia,,,
deceptive,affinia,,,
deceptive,ambassador,,,
deceptive,talbott,,,
deceptive,hardrock,,,
deceptive,affinia,,,
deceptive,hardrock,,,
deceptive,hardrock,,,
deceptive,affinia,,,
deceptive,affinia,,,
deceptive,ambassador,,,
deceptive,hardrock,,,
deceptive,affinia,,,
deceptive,talbott,,,
deceptive,affinia,,,
deceptive,ambassador,,,
deceptive,hardrock,,,
deceptive,hardrock,,,
deceptive,talbott,,,
deceptive,affinia,,,
deceptive,affinia,,,
deceptive,hardrock,,,
deceptive,ambassador,,,
deceptive,hardrock,,,
deceptive,talbott,,,
deceptive,affinia,,,
deceptive,ambassador,,,
deceptive,affinia,,,
deceptive,affinia,,,
deceptive,ambassador,,,
deceptive,talbott,,,
deceptive,affinia,,,
deceptive,talbott,,,
deceptive,hardrock,,,
deceptive,ambassador,,,
deceptive,affinia,,,
deceptive,talbott,,,
deceptive,ambassador,,,
deceptive,affinia,,,
deceptive,talbott,,,
deceptive,hardrock,,,
deceptive,ambassador,,,
deceptive,hardrock,,,
deceptive,talbott,,,
deceptive,talbott,,,
deceptive,talbott,,,
deceptive,talbott,,,
deceptive,talbott,,,
deceptive,hardrock,,,
deceptive,affinia,,,
deceptive,hardrock,,,
deceptive,ambassador,,,
deceptive,hardrock,,,
deceptive,hardrock,,,
deceptive,ambassador,,,
deceptive,talbott,,,
deceptive,hardrock,,,
deceptive,ambassador,,,
deceptive,talbott,,,
deceptive,ambassador,,,
deceptive,affinia,,,
deceptive,hardrock,,,
deceptive,hardrock,,,
deceptive,affinia,,,
deceptive,hardrock,,,
deceptive,affinia,,,
deceptive,ambassador,,,
deceptive,ambassador,,,
deceptive,hardrock,,,
deceptive,ambassador,,,
deceptive,james,,,
deceptive,sofitel,,,
deceptive,hilton,,,
deceptive,hilton,,,
deceptive,sofitel,,,
deceptive,sofitel,,,
deceptive,sofitel,,,
deceptive,sofitel,,,
deceptive,james,,,
deceptive,hilton,,,
deceptive,sofitel,,,
deceptive,monaco,,,
deceptive,monaco,,,
deceptive,hilton,,,
deceptive,james,,,
deceptive,monaco,,,
deceptive,james,,,
deceptive,hilton,,,
deceptive,james,,,
deceptive,james,,,
deceptive,sofitel,,,
deceptive,sofitel,,,
deceptive,james,,,
deceptive,james,,,
deceptive,sofitel,,,
deceptive,james,,,
deceptive,sofitel,,,
deceptive,monaco,,,
deceptive,sofitel,,,
deceptive,monaco,,,
deceptive,james,,,
deceptive,monaco,,,
deceptive,sofitel,,,
deceptive,hilton,,,
deceptive,monaco,,,
deceptive,monaco,,,
deceptive,monaco,,,
deceptive,monaco,,,
deceptive,hilton,,,
deceptive,monaco,,,
deceptive,james,,,
deceptive,hilton,,,
deceptive,hilton,,,
deceptive,monaco,,,
deceptive,monaco,,,
deceptive,monaco,,,
deceptive,hilton,,,
deceptive,james,,,
deceptive,monaco,,,
deceptive,hilton,,,
deceptive,hilton,,,
deceptive,james,,,
deceptive,sofitel,,,
deceptive,james,,,
deceptive,hilton,,,
deceptive,monaco,,,
deceptive,hilton,,,
deceptive,james,,,
deceptive,james,,,
deceptive,sofitel,,,
deceptive,sofitel,,,
deceptive,hilton,,,
deceptive,sofitel,,,
deceptive,monaco,,,
deceptive,james,,,
deceptive,monaco,,,
deceptive,james,,,
deceptive,james,,,
deceptive,sofitel,,,
deceptive,hilton,,,
deceptive,sofitel,,,
deceptive,james,,,
deceptive,sofitel,,,
deceptive,monaco,,,
deceptive,hilton,,,
deceptive,hilton,,,
deceptive,hilton,,,
deceptive,hilton,,,
deceptive,monaco,,,
deceptive,sofitel,,,
deceptive,allegro,,,
deceptive,allegro,,,
deceptive,amalfi,,,
deceptive,allegro,,,
deceptive,intercontinental,,,
deceptive,intercontinental,,,
deceptive,intercontinental,,,
deceptive,intercontinental,,,
deceptive,amalfi,,,
deceptive,allegro,,,
deceptive,intercontinental,,,
deceptive,intercontinental,,,
deceptive,amalfi,,,
deceptive,allegro,,,
deceptive,amalfi,,,
deceptive,palmer,,,
deceptive,allegro,,,
deceptive,allegro,,,
deceptive,intercontinental,,,
deceptive,amalfi,,,
deceptive,allegro,,,
deceptive,palmer,,,
deceptive,amalfi,,,
deceptive,amalfi,,,
deceptive,intercontinental,,,
deceptive,amalfi,,,
deceptive,allegro,,,
deceptive,palmer,,,
deceptive,allegro,,,
deceptive,allegro,,,
deceptive,amalfi,,,
deceptive,intercontinental,,,
deceptive,intercontinental,,,
deceptive,palmer,,,
deceptive,intercontinental,,,
deceptive,palmer,,,
deceptive,palmer,,,
deceptive,amalfi,,,
deceptive,intercontinental,,,
deceptive,palmer,,,
deceptive,intercontinental,,,
deceptive,amalfi,,,
deceptive,amalfi,,,
deceptive,intercontinental,,,
deceptive,palmer,,,
deceptive,palmer,,,
deceptive,palmer,,,
deceptive,palmer,,,
deceptive,palmer,,,
deceptive,allegro,,,
deceptive,allegro,,,
deceptive,intercontinental,,,
deceptive,allegro,,,
deceptive,intercontinental,,,
deceptive,amalfi,,,
deceptive,palmer,,,
deceptive,amalfi,,,
deceptive,amalfi,,,
deceptive,allegro,,,
deceptive,palmer,,,
deceptive,palmer,,,
deceptive,allegro,,,
deceptive,palmer,,,
deceptive,allegro,,,
deceptive,intercontinental,,,
deceptive,amalfi,,,
deceptive,palmer,,,
deceptive,palmer,,,
deceptive,palmer,,,
deceptive,allegro,,,
deceptive,amalfi,,,
deceptive,amalfi,,,
deceptive,allegro,,,
deceptive,allegro,,,
deceptive,intercontinental,,,
deceptive,intercontinental,,,
deceptive,amalfi,,,
deceptive,intercontinental,,,
deceptive,palmer,,,
deceptive,amalfi,,,
truthful,conrad,,,
truthful,hyatt,,,
truthful,hyatt,,,
truthful,omni,,,
truthful,hyatt,,,
truthful,omni,,,
truthful,conrad,,,
truthful,omni,,,
truthful,omni,,,
truthful,hyatt,,,
truthful,fairmont,,,
truthful,conrad,,,
truthful,hyatt,,,
truthful,conrad,,,
truthful,hyatt,,,
truthful,conrad,,,
truthful,conrad,,,
truthful,conrad,,,
truthful,conrad,,,
truthful,omni,,,
truthful,fairmont,,,
truthful,fairmont,,,
truthful,fairmont,,,
truthful,hyatt,,,
truthful,hyatt,,,
truthful,conrad,,,
truthful,fairmont,,,
truthful,conrad,,,
truthful,conrad,,,
truthful,hyatt,,,
truthful,omni,,,
truthful,omni,,,
truthful,hyatt,,,
truthful,omni,,,
truthful,fairmont,,,
truthful,fairmont,,,
truthful,hyatt,,,
truthful,conrad,,,
truthful,fairmont,,,
truthful,omni,,,
truthful,fairmont,,,
truthful,hyatt,,,
truthful,hyatt,,,
truthful,conrad,,,
truthful,hyatt,,,
truthful,fairmont,,,
truthful,hyatt,,,
truthful,omni,,,
truthful,fairmont,,,
truthful,fairmont,,,
truthful,fairmont,,,
truthful,fairmont,,,
truthful,omni,,,
truthful,omni,,,
truthful,conrad,,,
truthful,omni,,,
truthful,hyatt,,,
truthful,conrad,,,
truthful,hyatt,,,
truthful,omni,,,
truthful,omni,,,
truthful,fairmont,,,
truthful,omni,,,
truthful,omni,,,
truthful,conrad,,,
truthful,hyatt,,,
truthful,fairmont,,,
truthful,conrad,,,
truthful,fairmont,,,
truthful,conrad,,,
truthful,conrad,,,
truthful,omni,,,
truthful,fairmont,,,
truthful,hyatt,,,
truthful,fairmont,,,
truthful,fairmont,,,
truthful,omni,,,
truthful,omni,,,
truthful,hyatt,,,
truthful,conrad,,,
truthful,sheraton,,,
truthful,sheraton,,,
truthful,knickerbocker,,,
truthful,homewood,,,
truthful,homewood,,,
truthful,swissotel,,,
truthful,swissotel,,,
truthful,swissotel,,,
truthful,homewood,,,
truthful,swissotel,,,
truthful,homewood,,,
truthful,knickerbocker,,,
truthful,sheraton,,,
truthful,swissotel,,,
truthful,sheraton,,,
truthful,homewood,,,
truthful,swissotel,,,
truthful,swissotel,,,
truthful,sheraton,,,
truthful,swissotel,,,
truthful,sheraton,,,
truthful,swissotel,,,
truthful,sheraton,,,
truthful,sheraton,,,
truthful,swissotel,,,
truthful,homewood,,,
truthful,sheraton,,,
truthful,knickerbocker,,,
truthful,swissotel,,,
truthful,knickerbocker,,,
truthful,homewood,,,
truthful,knickerbocker,,,
truthful,swissotel,,,
truthful,sheraton,,,
truthful,sheraton,,,
truthful,homewood,,,
truthful,homewood,,,
truthful,homewood,,,
truthful,homewood,,,
truthful,knickerbocker,,,
truthful,knickerbocker,,,
truthful,knickerbocker,,,
truthful,homewood,,,
truthful,knickerbocker,,,
truthful,knickerbocker,,,
truthful,swissotel,,,
truthful,sheraton,,,
truthful,swissotel,,,
truthful,knickerbocker,,,
truthful,sheraton,,,
truthful,knickerbocker,,,
truthful,sheraton,,,
truthful,knickerbocker,,,
truthful,homewood,,,
truthful,knickerbocker,,,
truthful,swissotel,,,
truthful,swissotel,,,
truthful,knickerbocker,,,
truthful,knickerbocker,,,
truthful,knickerbocker,,,
truthful,sheraton,,,
truthful,sheraton,,,
truthful,homewood,,,
truthful,knickerbocker,,,
truthful,swissotel,,,
truthful,sheraton,,,
truthful,homewood,,,
truthful,sheraton,,,
truthful,swissotel,,,
truthful,homewood,,,
truthful,swissotel,,,
truthful,swissotel,,,
truthful,sheraton,,,
truthful,homewood,,,
truthful,knickerbocker,,,
truthful,homewood,,,
truthful,homewood,,,
truthful,sheraton,,,
truthful,homewood,,,
truthful,knickerbocker,,,
truthful,ambassador,,,
truthful,affinia,,,
truthful,hardrock,,,
truthful,affinia,,,
truthful,talbott,,,
truthful,ambassador,,,
truthful,affinia,,,
truthful,talbott,,,
truthful,talbott,,,
truthful,ambassador,,,
truthful,hardrock,,,
truthful,talbott,,,
truthful,hardrock,,,
truthful,affinia,,,
truthful,talbott,,,
truthful,affinia,,,
truthful,affinia,,,
truthful,affinia,,,
truthful,affinia,,,
truthful,talbott,,,
truthful,affinia,,,
truthful,talbott,,,
truthful,hardrock,,,
truthful,hardrock,,,
truthful,hardrock,,,
truthful,ambassador,,,
truthful,hardrock,,,
truthful,hardrock,,,
truthful,affinia,,,
truthful,talbott,,,
truthful,ambassador,,,
truthful,hardrock,,,
truthful,hardrock,,,
truthful,ambassador,,,
truthful,affinia,,,
truthful,affinia,,,
truthful,hardrock,,,
truthful,talbott,,,
truthful,talbott,,,
truthful,affinia,,,
truthful,ambassador,,,
truthful,affinia,,,
truthful,talbott,,,
truthful,ambassador,,,
truthful,hardrock,,,
truthful,affinia,,,
truthful,talbott,,,
truthful,ambassador,,,
truthful,hardrock,,,
truthful,affinia,,,
truthful,hardrock,,,
truthful,talbott,,,
truthful,talbott,,,
truthful,talbott,,,
truthful,affinia,,,
truthful,hardrock,,,
truthful,hardrock,,,
truthful,ambassador,,,
truthful,ambassador,,,
truthful,ambassador,,,
truthful,talbott,,,
truthful,hardrock,,,
truthful,ambassador,,,
truthful,talbott,,,
truthful,affinia,,,
truthful,ambassador,,,
truthful,talbott,,,
truthful,affinia,,,
truthful,ambassador,,,
truthful,ambassador,,,
truthful,talbott,,,
truthful,hardrock,,,
truthful,talbott,,,
truthful,ambassador,,,
truthful,ambassador,,,
truthful,ambassador,,,
truthful,hardrock,,,
truthful,affinia,,,
truthful,ambassador,,,
truthful,hardrock,,,
truthful,hilton,,,
truthful,hilton,,,
truthful,james,,,
truthful,hilton,,,
truthful,james,,,
truthful,monaco,,,
truthful,monaco,,,
truthful,hilton,,,
truthful,james,,,
truthful,sofitel,,,
truthful,monaco,,,
truthful,sofitel,,,
truthful,hilton,,,
truthful,hilton,,,
truthful,hilton,,,
truthful,monaco,,,
truthful,monaco,,,
truthful,sofitel,,,
truthful,monaco,,,
truthful,james,,,
truthful,monaco,,,
truthful,sofitel,,,
truthful,sofitel,,,
truthful,sofitel,,,
truthful,sofitel,,,
truthful,monaco,,,
truthful,hilton,,,
truthful,hilton,,,
truthful,sofitel,,,
truthful,james,,,
truthful,james,,,
truthful,sofitel,,,
truthful,monaco,,,
truthful,sofitel,,,
truthful,james,,,
truthful,hilton,,,
truthful,james,,,
truthful,sofitel,,,
truthful,james,,,
truthful,monaco,,,
truthful,hilton,,,
truthful,monaco,,,
truthful,james,,,
truthful,sofitel,,,
truthful,hilton,,,
truthful,monaco,,,
truthful,hilton,,,
truthful,monaco,,,
truthful,james,,,
truthful,james,,,
truthful,monaco,,,
truthful,monaco,,,
truthful,james,,,
truthful,hilton,,,
truthful,hilton,,,
truthful,james,,,
truthful,james,,,
truthful,monaco,,,
truthful,james,,,
truthful,monaco,,,
truthful,hilton,,,
truthful,sofitel,,,
truthful,sofitel,,,
truthful,james,,,
truthful,sofitel,,,
truthful,sofitel,,,
truthful,hilton,,,
truthful,sofitel,,,
truthful,hilton,,,
truthful,monaco,,,
truthful,james,,,
truthful,hilton,,,
truthful,hilton,,,
truthful,sofitel,,,
truthful,james,,,
truthful,sofitel,,,
truthful,monaco,,,
truthful,sofitel,,,
truthful,james,,,
truthful,monaco,,,
truthful,palmer,,,
truthful,intercontinental,,,
truthful,palmer,,,
truthful,palmer,,,
truthful,allegro,,,
truthful,allegro,,,
truthful,palmer,,,
truthful,palmer,,,
truthful,intercontinental,,,
truthful,intercontinental,,,
truthful,amalfi,,,
truthful,palmer,,,
truthful,allegro,,,
truthful,palmer,,,
truthful,amalfi,,,
truthful,intercontinental,,,
truthful,amalfi,,,
truthful,palmer,,,
truthful,allegro,,,
truthful,allegro,,,
truthful,palmer,,,
truthful,amalfi,,,
truthful,palmer,,,
truthful,amalfi,,,
truthful,intercontinental,,,
truthful,intercontinental,,,
truthful,allegro,,,
truthful,amalfi,,,
truthful,amalfi,,,
truthful,amalfi,,,
truthful,amalfi,,,
truthful,allegro,,,
truthful,palmer,,,
truthful,intercontinental,,,
truthful,amalfi,,,
truthful,palmer,,,
truthful,amalfi,,,
truthful,intercontinental,,,
truthful,palmer,,,
truthful,palmer,,,
truthful,palmer,,,
truthful,allegro,,,
truthful,allegro,,,
truthful,allegro,,,
truthful,intercontinental,,,
truthful,allegro,,,
truthful,palmer,,,
truthful,allegro,,,
truthful,amalfi,,,
truthful,palmer,,,
truthful,intercontinental,,,
truthful,amalfi,,,
truthful,amalfi,,,
truthful,intercontinental,,,
truthful,intercontinental,,,
truthful,palmer,,,
truthful,amalfi,,,
truthful,allegro,,,
truthful,allegro,,,
truthful,amalfi,,,
truthful,intercontinental,,,
truthful,amalfi,,,
truthful,intercontinental,,,
truthful,palmer,,,
truthful,palmer,,,
truthful,allegro,,,
truthful,intercontinental,,,
truthful,allegro,,,
truthful,allegro,,,
truthful,allegro,,,
truthful,allegro,,,
truthful,allegro,,,
truthful,intercontinental,,,
truthful,amalfi,,,
truthful,intercontinental,,,
truthful,intercontinental,,,
truthful,intercontinental,,,
truthful,intercontinental,,,
truthful,amalfi,,,
truthful,amalfi,,,
deceptive,fairmont,,,
deceptive,conrad,,,
deceptive,hyatt,,,
deceptive,conrad,,,
deceptive,hyatt,,,
deceptive,omni,,,
deceptive,conrad,,,
deceptive,omni,,,
deceptive,conrad,,,
deceptive,conrad,,,
deceptive,conrad,,,
deceptive,fairmont,,,
deceptive,omni,,,
deceptive,hyatt,,,
deceptive,conrad,,,
deceptive,hyatt,,,
deceptive,hyatt,,,
deceptive,omni,,,
deceptive,fairmont,,,
deceptive,hyatt,,,
deceptive,hyatt,,,
deceptive,fairmont,,,
deceptive,fairmont,,,
deceptive,conrad,,,
deceptive,omni,,,
deceptive,conrad,,,
deceptive,conrad,,,
deceptive,conrad,,,
deceptive,hyatt,,,
deceptive,omni,,,
deceptive,omni,,,
deceptive,hyatt,,,
deceptive,conrad,,,
deceptive,conrad,,,
deceptive,conrad,,,
deceptive,conrad,,,
deceptive,hyatt,,,
deceptive,omni,,,
deceptive,omni,,,
deceptive,fairmont,,,
deceptive,fairmont,,,
deceptive,omni,,,
deceptive,fairmont,,,
deceptive,fairmont,,,
deceptive,omni,,,
deceptive,conrad,,,
deceptive,fairmont,,,
deceptive,hyatt,,,
deceptive,omni,,,
deceptive,hyatt,,,
deceptive,conrad,,,
deceptive,fairmont,,,
deceptive,fairmont,,,
deceptive,omni,,,
deceptive,conrad,,,
deceptive,fairmont,,,
deceptive,omni,,,
deceptive,hyatt,,,
deceptive,hyatt,,,
deceptive,omni,,,
deceptive,omni,,,
deceptive,omni,,,
deceptive,conrad,,,
deceptive,fairmont,,,
deceptive,fairmont,,,
deceptive,hyatt,,,
deceptive,fairmont,,,
deceptive,hyatt,,,
deceptive,omni,,,
deceptive,hyatt,,,
deceptive,hyatt,,,
deceptive,fairmont,,,
deceptive,conrad,,,
deceptive,fairmont,,,
deceptive,hyatt,,,
deceptive,omni,,,
deceptive,fairmont,,,
deceptive,omni,,,
deceptive,hyatt,,,
deceptive,fairmont,,,
deceptive,knickerbocker,,,
deceptive,sheraton,,,
deceptive,swissotel,,,
deceptive,knickerbocker,,,
deceptive,homewood,,,
deceptive,sheraton,,,
deceptive,homewood,,,
deceptive,swissotel,,,
deceptive,swissotel,,,
deceptive,knickerbocker,,,
deceptive,homewood,,,
deceptive,swissotel,,,
deceptive,swissotel,,,
deceptive,swissotel,,,
deceptive,homewood,,,
deceptive,knickerbocker,,,
deceptive,knickerbocker,,,
deceptive,knickerbocker,,,
deceptive,swissotel,,,
deceptive,homewood,,,
deceptive,sheraton,,,
deceptive,homewood,,,
deceptive,sheraton,,,
deceptive,knickerbocker,,,
deceptive,homewood,,,
deceptive,swissotel,,,
deceptive,swissotel,,,
deceptive,homewood,,,
deceptive,homewood,,,
deceptive,swissotel,,,
deceptive,sheraton,,,
deceptive,homewood,,,
deceptive,homewood,,,
deceptive,knickerbocker,,,
deceptive,sheraton,,,
deceptive,knickerbocker,,,
deceptive,knickerbocker,,,
deceptive,knickerbocker,,,
deceptive,swissotel,,,
deceptive,sheraton,,,
deceptive,homewood,,,
deceptive,sheraton,,,
deceptive,swissotel,,,
deceptive,knickerbocker,,,
deceptive,homewood,,,
deceptive,knickerbocker,,,
deceptive,swissotel,,,
deceptive,knickerbocker,,,
deceptive,swissotel,,,
deceptive,swissotel,,,
deceptive,sheraton,,,
deceptive,homewood,,,
deceptive,homewood,,,
deceptive,knickerbocker,,,
deceptive,homewood,,,
deceptive,sheraton,,,
deceptive,knickerbocker,,,
deceptive,sheraton,,,
deceptive,swissotel,,,
deceptive,sheraton,,,
deceptive,sheraton,,,
deceptive,swissotel,,,
deceptive,sheraton,,,
deceptive,swissotel,,,
deceptive,knickerbocker,,,
deceptive,sheraton,,,
deceptive,knickerbocker,,,
deceptive,sheraton,,,
deceptive,homewood,,,
deceptive,homewood,,,
deceptive,sheraton,,,
deceptive,knickerbocker,,,
deceptive,sheraton,,,
deceptive,homewood,,,
deceptive,knickerbocker,,,
deceptive,swissotel,,,
deceptive,homewood,,,
deceptive,sheraton,,,
deceptive,sheraton,,,
deceptive,swissotel,,,
deceptive,talbott,,,
deceptive,talbott,,,
deceptive,talbott,,,
deceptive,talbott,,,
deceptive,ambassador,,,
deceptive,talbott,,,
deceptive,ambassador,,,
deceptive,ambassador,,,
deceptive,affinia,,,
deceptive,ambassador,,,
deceptive,affinia,,,
deceptive,affinia,,,
deceptive,ambassador,,,
deceptive,talbott,,,
deceptive,hardrock,,,
deceptive,affinia,,,
deceptive,hardrock,,,
deceptive,hardrock,,,
deceptive,affinia,,,
deceptive,affinia,,,
deceptive,ambassador,,,
deceptive,hardrock,,,
deceptive,affinia,,,
deceptive,talbott,,,
deceptive,affinia,,,
deceptive,ambassador,,,
deceptive,hardrock,,,
deceptive,hardrock,,,
deceptive,talbott,,,
deceptive,affinia,,,
deceptive,affinia,,,
deceptive,hardrock,,,
deceptive,ambassador,,,
deceptive,hardrock,,,
deceptive,talbott,,,
deceptive,affinia,,,
deceptive,ambassador,,,
deceptive,affinia,,,
deceptive,affinia,,,
deceptive,ambassador,,,
deceptive,talbott,,,
deceptive,affinia,,,
deceptive,talbott,,,
deceptive,hardrock,,,
deceptive,ambassador,,,
deceptive,affinia,,,
deceptive,talbott,,,
deceptive,ambassador,,,
deceptive,affinia,,,
deceptive,talbott,,,
deceptive,hardrock,,,
deceptive,ambassador,,,
deceptive,hardrock,,,
deceptive,talbott,,,
deceptive,talbott,,,
deceptive,talbott,,,
deceptive,talbott,,,
deceptive,talbott,,,
deceptive,hardrock,,,
deceptive,affinia,,,
deceptive,hardrock,,,
deceptive,ambassador,,,
deceptive,hardrock,,,
deceptive,hardrock,,,
deceptive,ambassador,,,
deceptive,talbott,,,
deceptive,hardrock,,,
deceptive,ambassador,,,
deceptive,talbott,,,
deceptive,ambassador,,,
deceptive,affinia,,,
deceptive,hardrock,,,
deceptive,hardrock,,,
deceptive,affinia,,,
deceptive,hardrock,,,
deceptive,affinia,,,
deceptive,ambassador,,,
deceptive,ambassador,,,
deceptive,hardrock,,,
deceptive,ambassador,,,
deceptive,james,,,
deceptive,sofitel,,,
deceptive,hilton,,,
deceptive,hilton,,,
deceptive,sofitel,,,
deceptive,sofitel,,,
deceptive,sofitel,,,
deceptive,sofitel,,,
deceptive,james,,,
deceptive,hilton,,,
deceptive,sofitel,,,
deceptive,monaco,,,
deceptive,monaco,,,
deceptive,hilton,,,
deceptive,james,,,
deceptive,monaco,,,
deceptive,james,,,
deceptive,hilton,,,
deceptive,james,,,
deceptive,james,,,
deceptive,sofitel,,,
deceptive,sofitel,,,
deceptive,james,,,
deceptive,james,,,
deceptive,sofitel,,,
deceptive,james,,,
deceptive,sofitel,,,
deceptive,monaco,,,
deceptive,sofitel,,,
deceptive,monaco,,,
deceptive,james,,,
deceptive,monaco,,,
deceptive,sofitel,,,
deceptive,hilton,,,
deceptive,monaco,,,
deceptive,monaco,,,
deceptive,monaco,,,
deceptive,monaco,,,
deceptive,hilton,,,
deceptive,monaco,,,
deceptive,james,,,
deceptive,hilton,,,
deceptive,hilton,,,
deceptive,monaco,,,
deceptive,monaco,,,
deceptive,monaco,,,
deceptive,hilton,,,
deceptive,james,,,
deceptive,monaco,,,
deceptive,hilton,,,
deceptive,hilton,,,
deceptive,james,,,
deceptive,sofitel,,,
deceptive,james,,,
deceptive,hilton,,,
deceptive,monaco,,,
deceptive,hilton,,,
deceptive,james,,,
deceptive,james,,,
deceptive,sofitel,,,
deceptive,sofitel,,,
deceptive,hilton,,,
deceptive,sofitel,,,
deceptive,monaco,,,
deceptive,james,,,
deceptive,monaco,,,
deceptive,james,,,
deceptive,james,,,
deceptive,sofitel,,,
deceptive,hilton,,,
deceptive,sofitel,,,
deceptive,james,,,
deceptive,sofitel,,,
deceptive,monaco,,,
deceptive,hilton,,,
deceptive,hilton,,,
deceptive,hilton,,,
deceptive,hilton,,,
deceptive,monaco,,,
deceptive,sofitel,,,
deceptive,allegro,,,
deceptive,allegro,,,
deceptive,amalfi,,,
deceptive,allegro,,,
deceptive,intercontinental,,,
deceptive,intercontinental,,,
deceptive,intercontinental,,,
deceptive,intercontinental,,,
deceptive,amalfi,,,
deceptive,allegro,,,
deceptive,intercontinental,,,
deceptive,intercontinental,,,
deceptive,amalfi,,,
deceptive,allegro,,,
deceptive,amalfi,,,
deceptive,palmer,,,
deceptive,allegro,,,
deceptive,allegro,,,
deceptive,intercontinental,,,
deceptive,amalfi,,,
deceptive,allegro,,,
deceptive,palmer,,,
deceptive,amalfi,,,
deceptive,amalfi,,,
deceptive,intercontinental,,,
deceptive,amalfi,,,
deceptive,allegro,,,
deceptive,palmer,,,
deceptive,allegro,,,
deceptive,allegro,,,
deceptive,amalfi,,,
deceptive,intercontinental,,,
deceptive,intercontinental,,,
deceptive,palmer,,,
deceptive,intercontinental,,,
deceptive,palmer,,,
deceptive,palmer,,,
deceptive,amalfi,,,
deceptive,intercontinental,,,
deceptive,palmer,,,
deceptive,intercontinental,,,
deceptive,amalfi,,,
deceptive,amalfi,,,
deceptive,intercontinental,,,
deceptive,palmer,,,
deceptive,palmer,,,
deceptive,palmer,,,
deceptive,palmer,,,
deceptive,palmer,,,
deceptive,allegro,,,
deceptive,allegro,,,
deceptive,intercontinental,,,
deceptive,allegro,,,
deceptive,intercontinental,,,
deceptive,amalfi,,,
deceptive,palmer,,,
deceptive,amalfi,,,
deceptive,amalfi,,,
deceptive,allegro,,,
deceptive,palmer,,,
deceptive,palmer,,,
deceptive,allegro,,,
deceptive,palmer,,,
deceptive,allegro,,,
deceptive,intercontinental,,,
deceptive,amalfi,,,
deceptive,palmer,,,
deceptive,palmer,,,
deceptive,palmer,,,
deceptive,allegro,,,
deceptive,amalfi,,,
deceptive,amalfi,,,
deceptive,allegro,,,
deceptive,allegro,,,
deceptive,intercontinental,,,
deceptive,intercontinental,,,
deceptive,amalfi,,,
deceptive,intercontinental,,,
deceptive,palmer,,,
deceptive,amalfi,,,
truthful,conrad,,,
truthful,hyatt,,,
truthful,hyatt,,,
truthful,omni,,,
truthful,hyatt,,,
truthful,omni,,,
truthful,conrad,,,
truthful,omni,,,
truthful,omni,,,
truthful,hyatt,,,
truthful,fairmont,,,
truthful,conrad,,,
truthful,hyatt,,,
truthful,conrad,,,
truthful,hyatt,,,
truthful,conrad,,,
truthful,conrad,,,
truthful,conrad,,,
truthful,conrad,,,
truthful,omni,,,
truthful,fairmont,,,
truthful,fairmont,,,
truthful,fairmont,,,
truthful,hyatt,,,
truthful,hyatt,,,
truthful,conrad,,,
truthful,fairmont,,,
truthful,conrad,,,
truthful,conrad,,,
truthful,hyatt,,,
truthful,omni,,,
truthful,omni,,,
truthful,hyatt,,,
truthful,omni,,,
truthful,fairmont,,,
truthful,fairmont,,,
truthful,hyatt,,,
truthful,conrad,,,
truthful,fairmont,,,
truthful,omni,,,
truthful,fairmont,,,
truthful,hyatt,,,
truthful,hyatt,,,
truthful,conrad,,,
truthful,hyatt,,,
truthful,fairmont,,,
truthful,hyatt,,,
truthful,omni,,,
truthful,fairmont,,,
truthful,fairmont,,,
truthful,fairmont,,,
truthful,fairmont,,,
truthful,omni,,,
truthful,omni,,,
truthful,conrad,,,
truthful,omni,,,
truthful,hyatt,,,
truthful,conrad,,,
truthful,hyatt,,,
truthful,omni,,,
truthful,omni,,,
truthful,fairmont,,,
truthful,omni,,,
truthful,omni,,,
truthful,conrad,,,
truthful,hyatt,,,
truthful,fairmont,,,
truthful,conrad,,,
truthful,fairmont,,,
truthful,conrad,,,
truthful,conrad,,,
truthful,omni,,,
truthful,fairmont,,,
truthful,hyatt,,,
truthful,fairmont,,,
truthful,fairmont,,,
truthful,omni,,,
truthful,omni,,,
truthful,hyatt,,,
truthful,conrad,,,
truthful,sheraton,,,
truthful,sheraton,,,
truthful,knickerbocker,,,
truthful,homewood,,,
truthful,homewood,,,
truthful,swissotel,,,
truthful,swissotel,,,
truthful,swissotel,,,
truthful,homewood,,,
truthful,swissotel,,,
truthful,homewood,,,
truthful,knickerbocker,,,
truthful,sheraton,,,
truthful,swissotel,,,
truthful,sheraton,,,
truthful,homewood,,,
truthful,swissotel,,,
truthful,swissotel,,,
truthful,sheraton,,,
truthful,swissotel,,,
truthful,sheraton,,,
truthful,swissotel,,,
truthful,sheraton,,,
truthful,sheraton,,,
truthful,swissotel,,,
truthful,homewood,,,
truthful,sheraton,,,
truthful,knickerbocker,,,
truthful,swissotel,,,
truthful,knickerbocker,,,
truthful,homewood,,,
truthful,knickerbocker,,,
truthful,swissotel,,,
truthful,sheraton,,,
truthful,sheraton,,,
truthful,homewood,,,
truthful,homewood,,,
truthful,homewood,,,
truthful,homewood,,,
truthful,knickerbocker,,,
truthful,knickerbocker,,,
truthful,knickerbocker,,,
truthful,homewood,,,
truthful,knickerbocker,,,
truthful,knickerbocker,,,
truthful,swissotel,,,
truthful,sheraton,,,
truthful,swissotel,,,
truthful,knickerbocker,,,
truthful,sheraton,,,
truthful,knickerbocker,,,
truthful,sheraton,,,
truthful,knickerbocker,,,
truthful,homewood,,,
truthful,knickerbocker,,,
truthful,swissotel,,,
truthful,swissotel,,,
truthful,knickerbocker,,,
truthful,knickerbocker,,,
truthful,knickerbocker,,,
truthful,sheraton,,,
truthful,sheraton,,,
truthful,homewood,,,
truthful,knickerbocker,,,
truthful,swissotel,,,
truthful,sheraton,,,
truthful,homewood,,,
truthful,sheraton,,,
truthful,swissotel,,,
truthful,homewood,,,
truthful,swissotel,,,
truthful,swissotel,,,
truthful,sheraton,,,
truthful,homewood,,,
truthful,knickerbocker,,,
truthful,homewood,,,
truthful,homewood,,,
truthful,sheraton,,,
truthful,homewood,,,
truthful,knickerbocker,,,
truthful,ambassador,,,
truthful,affinia,,,
truthful,hardrock,,,
truthful,affinia,,,
truthful,talbott,,,
truthful,ambassador,,,
truthful,affinia,,,
truthful,talbott,,,
truthful,talbott,,,
truthful,ambassador,,,
truthful,hardrock,,,
truthful,talbott,,,
truthful,hardrock,,,
truthful,affinia,,,
truthful,talbott,,,
truthful,affinia,,,
truthful,affinia,,,
truthful,affinia,,,
truthful,affinia,,,
truthful,talbott,,,
truthful,affinia,,,
truthful,talbott,,,
truthful,hardrock,,,
truthful,hardrock,,,
truthful,hardrock,,,
truthful,ambassador,,,
truthful,hardrock,,,
truthful,hardrock,,,
truthful,affinia,,,
truthful,talbott,,,
truthful,ambassador,,,
truthful,hardrock,,,
truthful,hardrock,,,
truthful,ambassador,,,
truthful,affinia,,,
truthful,affinia,,,
truthful,hardrock,,,
truthful,talbott,,,
truthful,talbott,,,
truthful,affinia,,,
truthful,ambassador,,,
truthful,affinia,,,
truthful,talbott,,,
truthful,ambassador,,,
truthful,hardrock,,,
truthful,affinia,,,
truthful,talbott,,,
truthful,ambassador,,,
truthful,hardrock,,,
truthful,affinia,,,
truthful,hardrock,,,
truthful,talbott,,,
truthful,talbott,,,
truthful,talbott,,,
truthful,affinia,,,
truthful,hardrock,,,
truthful,hardrock,,,
truthful,ambassador,,,
truthful,ambassador,,,
truthful,ambassador,,,
truthful,talbott,,,
truthful,hardrock,,,
truthful,ambassador,,,
truthful,talbott,,,
truthful,affinia,,,
truthful,ambassador,,,
truthful,talbott,,,
truthful,affinia,,,
truthful,ambassador,,,
truthful,ambassador,,,
truthful,talbott,,,
truthful,hardrock,,,
truthful,talbott,,,
truthful,ambassador,,,
truthful,ambassador,,,
truthful,ambassador,,,
truthful,hardrock,,,
truthful,affinia,,,
truthful,ambassador,,,
truthful,hardrock,,,
truthful,hilton,,,
truthful,hilton,,,
truthful,james,,,
truthful,hilton,,,
truthful,james,,,
truthful,monaco,,,
truthful,monaco,,,
truthful,hilton,,,
truthful,james,,,
truthful,sofitel,,,
truthful,monaco,,,
truthful,sofitel,,,
truthful,hilton,,,
truthful,hilton,,,
truthful,hilton,,,
truthful,monaco,,,
truthful,monaco,,,
truthful,sofitel,,,
truthful,monaco,,,
truthful,james,,,
truthful,monaco,,,
truthful,sofitel,,,
truthful,sofitel,,,
truthful,sofitel,,,
truthful,sofitel,,,
truthful,monaco,,,
truthful,hilton,,,
truthful,hilton,,,
truthful,sofitel,,,
truthful,james,,,
truthful,james,,,
truthful,sofitel,,,
truthful,monaco,,,
truthful,sofitel,,,
truthful,james,,,
truthful,hilton,,,
truthful,james,,,
truthful,sofitel,,,
truthful,james,,,
truthful,monaco,,,
truthful,hilton,,,
truthful,monaco,,,
truthful,james,,,
truthful,sofitel,,,
truthful,hilton,,,
truthful,monaco,,,
truthful,hilton,,,
truthful,monaco,,,
truthful,james,,,
truthful,james,,,
truthful,monaco,,,
truthful,monaco,,,
truthful,james,,,
truthful,hilton,,,
truthful,hilton,,,
truthful,james,,,
truthful,james,,,
truthful,monaco,,,
truthful,james,,,
truthful,monaco,,,
truthful,hilton,,,
truthful,sofitel,,,
truthful,sofitel,,,
truthful,james,,,
truthful,sofitel,,,
truthful,sofitel,,,
truthful,hilton,,,
truthful,sofitel,,,
truthful,hilton,,,
truthful,monaco,,,
truthful,james,,,
truthful,hilton,,,
truthful,hilton,,,
truthful,sofitel,,,
truthful,james,,,
truthful,sofitel,,,
truthful,monaco,,,
truthful,sofitel,,,
truthful,james,,,
truthful,monaco,,,
truthful,palmer,,,
truthful,intercontinental,,,
truthful,palmer,,,
truthful,palmer,,,
truthful,allegro,,,
truthful,allegro,,,
truthful,palmer,,,
truthful,palmer,,,
truthful,intercontinental,,,
truthful,intercontinental,,,
truthful,amalfi,,,
truthful,palmer,,,
truthful,allegro,,,
truthful,palmer,,,
truthful,amalfi,,,
truthful,intercontinental,,,
truthful,amalfi,,,
truthful,palmer,,,
truthful,allegro,,,
truthful,allegro,,,
truthful,palmer,,,
truthful,amalfi,,,
truthful,palmer,,,
truthful,amalfi,,,
truthful,intercontinental,,,
truthful,intercontinental,,,
truthful,allegro,,,
truthful,amalfi,,,
truthful,amalfi,,,
truthful,amalfi,,,
truthful,amalfi,,,
truthful,allegro,,,
truthful,palmer,,,
truthful,intercontinental,,,
truthful,amalfi,,,
truthful,palmer,,,
truthful,amalfi,,,
truthful,intercontinental,,,
truthful,palmer,,,
truthful,palmer,,,
truthful,palmer,,,
truthful,allegro,,,
truthful,allegro,,,
truthful,allegro,,,
truthful,intercontinental,,,
truthful,allegro,,,
truthful,palmer,,,
truthful,allegro,,,
truthful,amalfi,,,
truthful,palmer,,,
truthful,intercontinental,,,
truthful,amalfi,,,
truthful,amalfi,,,
truthful,intercontinental,,,
truthful,intercontinental,,,
truthful,palmer,,,
truthful,amalfi,,,
truthful,allegro,,,
truthful,allegro,,,
truthful,amalfi,,,
truthful,intercontinental,,,
truthful,amalfi,,,
truthful,intercontinental,,,
truthful,palmer,,,
truthful,palmer,,,
truthful,allegro,,,
truthful,intercontinental,,,
truthful,allegro,,,
truthful,allegro,,,
truthful,allegro,,,
truthful,allegro,,,
truthful,allegro,,,
truthful,intercontinental,,,
truthful,amalfi,,,
truthful,intercontinental,,,
truthful,intercontinental,,,
truthful,intercontinental,,,
truthful,intercontinental,,,
truthful,amalfi,,,
truthful,amalfi,,,
deceptive,fairmont,,,
deceptive,conrad,,,
deceptive,hyatt,,,
deceptive,conrad,,,
deceptive,hyatt,,,
deceptive,omni,,,
deceptive,conrad,,,
deceptive,omni,,,
deceptive,conrad,,,
deceptive,conrad,,,
deceptive,conrad,,,
deceptive,fairmont,,,
deceptive,omni,,,
deceptive,hyatt,,,
deceptive,conrad,,,
deceptive,hyatt,,,
deceptive,hyatt,,,
deceptive,omni,,,
deceptive,fairmont,,,
deceptive,hyatt,,,
deceptive,hyatt,,,
deceptive,fairmont,,,
deceptive,fairmont,,,
deceptive,conrad,,,
deceptive,omni,,,
deceptive,conrad,,,
deceptive,conrad,,,
deceptive,conrad,,,
deceptive,hyatt,,,
deceptive,omni,,,
deceptive,omni,,,
deceptive,hyatt,,,
deceptive,conrad,,,
deceptive,conrad,,,
deceptive,conrad,,,
deceptive,conrad,,,
deceptive,hyatt,,,
deceptive,omni,,,
deceptive,omni,,,
deceptive,fairmont,,,
deceptive,fairmont,,,
deceptive,omni,,,
deceptive,fairmont,,,
deceptive,fairmont,,,
deceptive,omni,,,
deceptive,conrad,,,
deceptive,fairmont,,,
deceptive,hyatt,,,
deceptive,omni,,,
deceptive,hyatt,,,
deceptive,conrad,,,
deceptive,fairmont,,,
deceptive,fairmont,,,
deceptive,omni,,,
deceptive,conrad,,,
deceptive,fairmont,,,
deceptive,omni,,,
deceptive,hyatt,,,
deceptive,hyatt,,,
deceptive,omni,,,
deceptive,omni,,,
deceptive,omni,,,
deceptive,conrad,,,
deceptive,fairmont,,,
deceptive,fairmont,,,
deceptive,hyatt,,,
deceptive,fairmont,,,
deceptive,hyatt,,,
deceptive,omni,,,
deceptive,hyatt,,,
deceptive,hyatt,,,
deceptive,fairmont,,,
deceptive,conrad,,,
deceptive,fairmont,,,
deceptive,hyatt,,,
deceptive,omni,,,
deceptive,fairmont,,,
deceptive,omni,,,
deceptive,hyatt,,,
deceptive,fairmont,,,
deceptive,knickerbocker,,,
deceptive,sheraton,,,
deceptive,swissotel,,,
deceptive,knickerbocker,,,
deceptive,homewood,,,
deceptive,sheraton,,,
deceptive,homewood,,,
deceptive,swissotel,,,
deceptive,swissotel,,,
deceptive,knickerbocker,,,
deceptive,homewood,,,
deceptive,swissotel,,,
deceptive,swissotel,,,
deceptive,swissotel,,,
deceptive,homewood,,,
deceptive,knickerbocker,,,
deceptive,knickerbocker,,,
deceptive,knickerbocker,,,
deceptive,swissotel,,,
deceptive,homewood,,,
deceptive,sheraton,,,
deceptive,homewood,,,
deceptive,sheraton,,,
deceptive,knickerbocker,,,
deceptive,homewood,,,
deceptive,swissotel,,,
deceptive,swissotel,,,
deceptive,homewood,,,
deceptive,homewood,,,
deceptive,swissotel,,,
deceptive,sheraton,,,
deceptive,homewood,,,
deceptive,homewood,,,
deceptive,knickerbocker,,,
deceptive,sheraton,,,
deceptive,knickerbocker,,,
deceptive,knickerbocker,,,
deceptive,knickerbocker,,,
deceptive,swissotel,,,
deceptive,sheraton,,,
deceptive,homewood,,,
deceptive,sheraton,,,
deceptive,swissotel,,,
deceptive,knickerbocker,,,
deceptive,homewood,,,
deceptive,knickerbocker,,,
deceptive,swissotel,,,
deceptive,knickerbocker,,,
deceptive,swissotel,,,
deceptive,swissotel,,,
deceptive,sheraton,,,
deceptive,homewood,,,
deceptive,homewood,,,
deceptive,knickerbocker,,,
deceptive,homewood,,,
deceptive,sheraton,,,
deceptive,knickerbocker,,,
deceptive,sheraton,,,
deceptive,swissotel,,,
deceptive,sheraton,,,
deceptive,sheraton,,,
deceptive,swissotel,,,
deceptive,sheraton,,,
deceptive,swissotel,,,
deceptive,knickerbocker,,,
deceptive,sheraton,,,
deceptive,knickerbocker,,,
deceptive,sheraton,,,
deceptive,homewood,,,
deceptive,homewood,,,
deceptive,sheraton,,,
deceptive,knickerbocker,,,
deceptive,sheraton,,,
deceptive,homewood,,,
deceptive,knickerbocker,,,
deceptive,swissotel,,,
deceptive,homewood,,,
deceptive,sheraton,,,
deceptive,sheraton,,,
deceptive,swissotel,,,
deceptive,talbott,,,
deceptive,talbott,,,
deceptive,talbott,,,
deceptive,talbott,,,
deceptive,ambassador,,,
deceptive,talbott,,,
deceptive,ambassador,,,
deceptive,ambassador,,,
deceptive,affinia,,,
deceptive,ambassador,,,
deceptive,affinia,,,
deceptive,affinia,,,
deceptive,ambassador,,,
deceptive,talbott,,,
deceptive,hardrock,,,
deceptive,affinia,,,
deceptive,hardrock,,,
deceptive,hardrock,,,
deceptive,affinia,,,
deceptive,affinia,,,
deceptive,ambassador,,,
deceptive,hardrock,,,
deceptive,affinia,,,
deceptive,talbott,,,
deceptive,affinia,,,
deceptive,ambassador,,,
deceptive,hardrock,,,
deceptive,hardrock,,,
deceptive,talbott,,,
deceptive,affinia,,,
deceptive,affinia,,,
deceptive,hardrock,,,
deceptive,ambassador,,,
deceptive,hardrock,,,
deceptive,talbott,,,
deceptive,affinia,,,
deceptive,ambassador,,,
deceptive,affinia,,,
deceptive,affinia,,,
deceptive,ambassador,,,
deceptive,talbott,,,
deceptive,affinia,,,
deceptive,talbott,,,
deceptive,hardrock,,,
deceptive,ambassador,,,
deceptive,affinia,,,
deceptive,talbott,,,
deceptive,ambassador,,,
deceptive,affinia,,,
deceptive,talbott,,,
deceptive,hardrock,,,
deceptive,ambassador,,,
deceptive,hardrock,,,
deceptive,talbott,,,
deceptive,talbott,,,
deceptive,talbott,,,
deceptive,talbott,,,
deceptive,talbott,,,
deceptive,hardrock,,,
deceptive,affinia,,,
deceptive,hardrock,,,
deceptive,ambassador,,,
deceptive,hardrock,,,
deceptive,hardrock,,,
deceptive,ambassador,,,
deceptive,talbott,,,
deceptive,hardrock,,,
deceptive,ambassador,,,
deceptive,talbott,,,
deceptive,ambassador,,,
deceptive,affinia,,,
deceptive,hardrock,,,
deceptive,hardrock,,,
deceptive,affinia,,,
deceptive,hardrock,,,
deceptive,affinia,,,
deceptive,ambassador,,,
deceptive,ambassador,,,
deceptive,hardrock,,,
deceptive,ambassador,,,
deceptive,james,,,
deceptive,sofitel,,,
deceptive,hilton,,,
deceptive,hilton,,,
deceptive,sofitel,,,
deceptive,sofitel,,,
deceptive,sofitel,,,
deceptive,sofitel,,,
deceptive,james,,,
deceptive,hilton,,,
deceptive,sofitel,,,
deceptive,monaco,,,
deceptive,monaco,,,
deceptive,hilton,,,
deceptive,james,,,
deceptive,monaco,,,
deceptive,james,,,
deceptive,hilton,,,
deceptive,james,,,
deceptive,james,,,
deceptive,sofitel,,,
deceptive,sofitel,,,
deceptive,james,,,
deceptive,james,,,
deceptive,sofitel,,,
deceptive,james,,,
deceptive,sofitel,,,
deceptive,monaco,,,
deceptive,sofitel,,,
deceptive,monaco,,,
deceptive,james,,,
deceptive,monaco,,,
deceptive,sofitel,,,
deceptive,hilton,,,
deceptive,monaco,,,
deceptive,monaco,,,
deceptive,monaco,,,
deceptive,monaco,,,
deceptive,hilton,,,
deceptive,monaco,,,
deceptive,james,,,
deceptive,hilton,,,
deceptive,hilton,,,
deceptive,monaco,,,
deceptive,monaco,,,
deceptive,monaco,,,
deceptive,hilton,,,
deceptive,james,,,
deceptive,monaco,,,
deceptive,hilton,,,
deceptive,hilton,,,
deceptive,james,,,
deceptive,sofitel,,,
deceptive,james,,,
deceptive,hilton,,,
deceptive,monaco,,,
deceptive,hilton,,,
deceptive,james,,,
deceptive,james,,,
deceptive,sofitel,,,
deceptive,sofitel,,,
deceptive,hilton,,,
deceptive,sofitel,,,
deceptive,monaco,,,
deceptive,james,,,
deceptive,monaco,,,
deceptive,james,,,
deceptive,james,,,
deceptive,sofitel,,,
deceptive,hilton,,,
deceptive,sofitel,,,
deceptive,james,,,
deceptive,sofitel,,,
deceptive,monaco,,,
deceptive,hilton,,,
deceptive,hilton,,,
deceptive,hilton,,,
deceptive,hilton,,,
deceptive,monaco,,,
deceptive,sofitel,,,
deceptive,allegro,,,
deceptive,allegro,,,
deceptive,amalfi,,,
deceptive,allegro,,,
deceptive,intercontinental,,,
deceptive,intercontinental,,,
deceptive,intercontinental,,,
deceptive,intercontinental,,,
deceptive,amalfi,,,
deceptive,allegro,,,
deceptive,intercontinental,,,
deceptive,intercontinental,,,
deceptive,amalfi,,,
deceptive,allegro,,,
deceptive,amalfi,,,
deceptive,palmer,,,
deceptive,allegro,,,
deceptive,allegro,,,
deceptive,intercontinental,,,
deceptive,amalfi,,,
deceptive,allegro,,,
deceptive,palmer,,,
deceptive,amalfi,,,
deceptive,amalfi,,,
deceptive,intercontinental,,,
deceptive,amalfi,,,
deceptive,allegro,,,
deceptive,palmer,,,
deceptive,allegro,,,
deceptive,allegro,,,
deceptive,amalfi,,,
deceptive,intercontinental,,,
deceptive,intercontinental,,,
deceptive,palmer,,,
deceptive,intercontinental,,,
deceptive,palmer,,,
deceptive,palmer,,,
deceptive,amalfi,,,
deceptive,intercontinental,,,
deceptive,palmer,,,
deceptive,intercontinental,,,
deceptive,amalfi,,,
deceptive,amalfi,,,
deceptive,intercontinental,,,
deceptive,palmer,,,
deceptive,palmer,,,
deceptive,palmer,,,
deceptive,palmer,,,
deceptive,palmer,,,
deceptive,allegro,,,
deceptive,allegro,,,
deceptive,intercontinental,,,
deceptive,allegro,,,
deceptive,intercontinental,,,
deceptive,amalfi,,,
deceptive,palmer,,,
deceptive,amalfi,,,
deceptive,amalfi,,,
deceptive,allegro,,,
deceptive,palmer,,,
deceptive,palmer,,,
deceptive,allegro,,,
deceptive,palmer,,,
deceptive,allegro,,,
deceptive,intercontinental,,,
deceptive,amalfi,,,
deceptive,palmer,,,
deceptive,palmer,,,
deceptive,palmer,,,
deceptive,allegro,,,
deceptive,amalfi,,,
deceptive,amalfi,,,
deceptive,allegro,,,
deceptive,allegro,,,
deceptive,intercontinental,,,
deceptive,intercontinental,,,
deceptive,amalfi,,,
deceptive,intercontinental,,,
deceptive,palmer,,,
deceptive,amalfi,,,
